sp_gurgen@yahoo.com, 68,  Kohar Gurgen
hello_789@gmail.com, 15,  Anahit Ari
rofen@aol.com, 13,  Mariam Taguhi
spirin@gmail.com, 63,  Lusineh Lucine
eve8911@gmail.com, 17,  Jeanette Lea
1987tec@gmail.com, 47,  Tanja Stina
nadryl477@aol.com, 20,  Julie Georgia
helena8769@gmail.com, 45,  Helena Ingrid
naoko_8811@gmail.com, 26,  Jun Naoko
yewande_1965@yahoo.com, 16,  Yewande Sakura
agnes_2011@gmail.com, 28,  Agnes Ella
abc@yaho.com, 18,  Jennifer Olson
19544_vp@gmail.com, 24,  Victoria Piedad
pd_rada@gmail.com, 29,  Vladislava Rada
ahavna@yahoo.com, 35,  Arti Bhavna
stefanie@aol.com, 73,  Stefanie Claudia
aleid_7878@gmail.com, 28,  Sofie Aleid
mm_abc123@gmail.com, 14,  Mariana Miguela
celestyna@yahoo.com, 33,  Sara Celestyna
1988_vasilica@yahoo.com, 41,  Alina Vasilica
998_Ecat@gmail.com, 57,  Nicole Ecaterina
ursula@gmail.com, 49,  Ursula Anna
jeonghui@yahoo.com, 63,  Jeong-Hui Seong
esharat@gmail.com, 33,  Ratnam Esha
78Georgina@gmail.com, 44,  Elli Georgina
lily_54993@gmail.com, 19,  Lily Tu
fajr_1998@gmail.com, 38,  Fajr Sanya
ifiok@aol.com, 56,  Olamide Ifiok
sinta_bethari@gmail.com, 21,  Bethari Sinta
janetlitus@gmail.com, 19,  Janet Litus
amber47romero1998@gmail.com, 59,  Amber Romero
4411catherineperez@yahoo.com, 31,  Catherine Perez 